jKr9dSR,Mon, 11 Mar 2019 19:35:47 GMT,click, sortby, comments
jKr9dSR,Mon, 11 Mar 2019 19:35:47 GMT,click, sortby, comments
jKr9dSR,Mon, 11 Mar 2019 19:35:49 GMT,click, sortby, commenters
jKr9dSR,Mon, 11 Mar 2019 19:35:52 GMT,click, idea, 22
jKr9dSR,Mon, 11 Mar 2019 19:35:57 GMT,click, sortby, excited
jKr9dSR,Mon, 11 Mar 2019 19:36:02 GMT,click, sortby, happy
jKr9dSR,Mon, 11 Mar 2019 19:36:05 GMT,click, sortby, excited
jKr9dSR,Mon, 11 Mar 2019 19:36:08 GMT,click, idea, 32
jKr9dSR,Mon, 11 Mar 2019 22:57:07 GMT,click, sortby, comments
jKr9dSR,Mon, 11 Mar 2019 22:57:08 GMT,click, sortby, commenters
